customer_id,name,country,reg_date
1000,David Holmes,Armenia,2026-01-07
1001,Chad Jones,India,2026-01-12
1002,Larry Gonzalez,French Southern Territories,2026-01-18
1003,Edward Page,Antarctica (the territory South of 60 deg S),2026-01-01
1004,Tanya Jordan MD,Guatemala,2026-01-01
1005,Emily Fry,Taiwan,2026-01-08
1006,Richard Walker,Thailand,2026-01-14
1007,Pamela Morgan,Fiji,2026-01-16
1008,Jonathan Conrad,Morocco,2026-01-04
1009,Nicole Ford,Chile,2026-01-03
1010,Melissa Ochoa,Turkmenistan,2026-01-19
1011,Amy Greene,Taiwan,2026-01-15
1012,Sydney Morse,Saint Barthelemy,2026-01-13
1013,Kimberly Romero,Central African Republic,2026-01-05
1014,Jason Sims,Guam,2026-01-09
1015,Ryan Gilbert II,Luxembourg,2026-01-18
1016,Lisa Bentley,Montenegro,2026-01-11
1017,Paula Robinson,El Salvador,2026-01-19
1018,Alyssa Stout,Argentina,2026-01-03
1019,Michael Mcdaniel,Heard Island and McDonald Islands,2026-01-20
1020,Rebecca Jones,Ireland,2026-01-10
1021,Angela Owens,Greece,2026-01-03
1022,Jamie Sloan,Greece,2026-01-19
1023,Jane Shaw,Saint Helena,2026-01-09
1024,Donna Wiggins,North Macedonia,2026-01-07
1025,Amy Montgomery,Kenya,2026-01-08
1026,Deborah Flores,Saint Pierre and Miquelon,2026-01-06
1027,Todd Gray MD,Uruguay,2026-01-13
1028,Melanie Stephens,Swaziland,2026-01-04
1029,John Hill,Solomon Islands,2026-01-12
1030,Holly Bowman,Burundi,2026-01-12
1031,Michelle Kelly,Sao Tome and Principe,2026-01-02
1032,Pamela Reed,Saint Kitts and Nevis,2026-01-05
1033,Jimmy Hunt,Iraq,2026-01-18
1034,Stacy Patterson,Western Sahara,2026-01-10
1035,Jessica Martinez,Ecuador,2026-01-02
1036,Elizabeth Hardy,Suriname,2026-01-14
1037,Chad Valenzuela,Maldives,2026-01-01
1038,Michael Murray,Kazakhstan,2026-01-03
1039,Kristi White,Bolivia,2026-01-11
1040,Nathan Gibson,Tuvalu,2026-01-18
1041,Ronald Beasley,Cameroon,2026-01-04
1042,Donald Olson,Tuvalu,2026-01-09
1043,Heather Long,Botswana,2026-01-06
1044,Joseph Lutz,Saint Kitts and Nevis,2026-01-02
1045,Blake Martin,Dominican Republic,2026-01-13
1046,Christopher Jones,Korea,2026-01-03
1047,Angela Garza,Madagascar,2026-01-10
1048,Lori Smith,Holy See (Vatican City State),2026-01-04
1049,Franklin Donovan,Palau,2026-01-13
1050,Deborah Aguilar,Belize,2026-01-17
1051,Nicole Miller,Ghana,2026-01-08
1052,Nicole Harmon,Kenya,2026-01-07
1053,Justin Young,Micronesia,2026-01-07
1054,Anne Galloway,Jersey,2026-01-07
1055,Robert Campos,Saint Lucia,2026-01-10
1056,Carrie Owens,Croatia,2026-01-04
1057,Sandra Lewis,Portugal,2026-01-13
1058,Maria Berger,Guatemala,2026-01-04
1059,Erin Ashley,Egypt,2026-01-09
1060,Ian Zuniga,Singapore,2026-01-11
1061,Rhonda Garrison,Kyrgyz Republic,2026-01-04
1062,Connie Wilson,Latvia,2026-01-14
1063,Phillip Johnson,Reunion,2026-01-11
1064,Cody Hartman,Norway,2026-01-04
1065,Jonathan Decker,Anguilla,2026-01-13
1066,Charles Flores,Guam,2026-01-13
1067,Sheena Murphy,Turks and Caicos Islands,2026-01-16
1068,Charles Jennings,Kazakhstan,2026-01-16
1069,Donald Roth,Seychelles,2026-01-16
1070,Cindy Spence,Netherlands,2026-01-09
1071,Dawn Harper,Burundi,2026-01-10
1072,Margaret Delacruz,Tonga,2026-01-13
1073,Brett Mcgee,Sierra Leone,2026-01-11
1074,Catherine Ashley,Qatar,2026-01-12
1075,Lisa Woods,Hungary,2026-01-04
1076,Frank Woodward,Palau,2026-01-14
1077,Nicole Nunez,Saint Vincent and the Grenadines,2026-01-11
1078,Christine Paul,Bhutan,2026-01-10
1079,Joseph Cooper,Sao Tome and Principe,2026-01-19
1080,William Liu,France,2026-01-07
1081,Richard Bailey,Niue,2026-01-03
1082,Patrick Brown,Monaco,2026-01-07
1083,Cynthia Delgado,Afghanistan,2026-01-06
1084,Austin Howe,Cambodia,2026-01-15
1085,Tiffany Bates,Namibia,2026-01-09
1086,Jimmy Mckay,Seychelles,2026-01-16
1087,Becky Campbell,Chad,2026-01-06
1088,Joe Le,Australia,2026-01-07
1089,Matthew Klein,Netherlands,2026-01-04
1090,Dr. Janet Jackson,Dominica,2026-01-17
1091,Shaun Morgan,Denmark,2026-01-05
1092,Maria Anderson,Sao Tome and Principe,2026-01-10
1093,Donald Rhodes,Marshall Islands,2026-01-15
1094,Cory Vang,Ecuador,2026-01-01
1095,Diana Gentry,Pitcairn Islands,2026-01-05
1096,Mr. Daniel Morrison,Cayman Islands,2026-01-07
1097,Anthony Martinez,Saint Pierre and Miquelon,2026-01-06
1098,Carmen Moody DDS,Argentina,2026-01-10
1099,Anthony Baird,Kiribati,2026-01-08
